participant,anchor,optionA,optionB,chosen,timestamp
Drake,kg-kg-2,st-1,ik-2,st-1,high,2026-01-23T04:27:13.576Z
Drake,ik-2,rh-1,db-bm-1,rh-1,high,2026-01-23T04:27:21.755Z
Drake,rh-1,lcc-kk-1,tcn-tcn-1,lcc-kk-1,high,2026-01-23T04:27:55.625Z
Drake,kg-kg-3,db-1,ik-2,db-1,high,2026-01-23T04:28:06.621Z
Drake,ik-2,ik-5,kg-kg-2,ik-5,high,2026-01-23T04:28:13.460Z
Drake,rh-1,rh-2,db-1,rh-2,high,2026-01-23T04:37:43.089Z
Drake,ik-1,st-3,tcn-tcn-1,tcn-tcn-1,high,2026-01-23T04:37:54.387Z
Drake,ik-5,bi-hot-2,ik-3,ik-3,high,2026-01-23T04:37:58.615Z
Drake,bi-hot-1,ik-2,lcc-kk-1,lcc-kk-1,high,2026-01-23T04:38:07.148Z
Drake,rh-3,ik-1,st-1,st-1,high,2026-01-23T04:38:23.901Z
Drake,rh-1,st-3,bi-hot-1,st-3,low,2026-01-23T04:38:45.539Z
Drake,bi-hot-2,ik-4,kg-kg-3,far,equal,2026-01-23T04:38:59.920Z
Drake,bi-hot-3,kg-kg-3,bi-hot-1,bi-hot-1,high,2026-01-23T04:39:05.942Z
Drake,st-3,tcn-tcn-1,kg-kg-2,kg-kg-2,high,2026-01-23T04:39:09.658Z
Drake,db-bm2-1,sjb-cdl-2,lcc-kk-1,far,equal,2026-01-23T04:39:21.547Z
Drake,kg-kg-2,ik-1,rh-3,rh-3,high,2026-01-23T04:39:36.987Z
Drake,ik-2,st-3,db-1,far,equal,2026-01-23T04:39:47.799Z
Drake,ik-4,db-bm2-1,rh-1,rh-1,low,2026-01-23T04:39:56.801Z
Drake,db-bm2-1,kg-kg-1,sjb-cdl-1,far,equal,2026-01-23T04:40:08.218Z
Drake,kg-kg-1,ik-1,ik-2,ik-2,high,2026-01-23T04:40:19.097Z
Drake,db-pii-1,db-1,lcc-kk-2,db-1,high,2026-01-23T04:40:27.609Z
Drake,st-3,cn-1,tcn-tcn-1,far,equal,2026-01-23T04:40:37.652Z
Drake,db-bm2-1,dbt-rinsed-1,ik-1,close,equal,2026-01-23T04:40:49.423Z
Drake,ik-1,db-pii-1,st-3,db-pii-1,high,2026-01-23T04:41:02.374Z
Drake,kg-kg-1,bi-hot-3,db-pii-1,far,equal,2026-01-23T04:41:13.555Z
Drake,kg-kg-3,ik-1,rh-2,rh-2,low,2026-01-23T04:41:34.629Z
Drake,db-1,db-pii-1,db-bm-1,db-bm-1,high,2026-01-23T04:41:41.699Z
Drake,sjb-cdl-2,db-1,tcn-tcn-1,far,equal,2026-01-23T04:41:55.555Z
Drake,dbt-rinsed-1,ik-4,rh-3,far,equal,2026-01-23T04:42:01.104Z
Drake,kg-kg-2,lcc-kk-2,sjb-cdl-1,far,equal,2026-01-23T04:42:05.949Z
Drake,st-1,rh-3,sjb-cdl-2,sjb-cdl-2,low,2026-01-23T04:42:18.757Z
Drake,kg-kg-3,st-3,bi-hot-1,st-3,high,2026-01-23T04:42:23.307Z
Drake,rh-1,bi-hot-1,st-3,st-3,low,2026-01-23T04:42:30.208Z
Drake,ik-3,lcc-kk-1,kg-kg-3,lcc-kk-1,high,2026-01-23T04:42:34.762Z
Drake,st-1,db-bm-1,lcc-kk-2,lcc-kk-2,high,2026-01-23T04:42:44.653Z
Drake,db-1,ik-3,st-3,ik-3,low,2026-01-23T04:42:50.174Z
Drake,rh-1,bi-hot-1,db-rch-1,bi-hot-1,high,2026-01-23T04:42:56.527Z
Drake,ik-4,ik-1,bi-hot-1,ik-1,low,2026-01-23T04:43:06.316Z
Drake,kg-kg-3,db-pii-1,rh-1,far,equal,2026-01-23T04:43:16.246Z
Drake,kg-kg-2,ik-4,st-1,st-1,low,2026-01-23T04:43:45.723Z
Drake,lcc-kk-1,ik-4,db-rch-1,ik-4,high,2026-01-23T04:43:53.349Z
Drake,tcn-tcn-1,db-bm2-1,bi-hot-3,db-bm2-1,high,2026-01-23T04:43:56.955Z
Drake,lcc-kk-2,rh-2,sjb-cdl-1,sjb-cdl-1,low,2026-01-23T04:44:07.749Z
Drake,st-1,sjb-cdl-1,bi-hot-3,bi-hot-3,high,2026-01-23T04:44:20.067Z
Drake,st-1,st-3,db-bm-1,st-3,high,2026-01-23T04:44:31.766Z
Drake,tcn-tcn-1,db-1,st-1,db-1,low,2026-01-23T04:44:41.944Z
Drake,rh-3,ik-4,rh-1,rh-1,low,2026-01-23T04:44:49.921Z
Drake,db-1,cn-1,rh-2,far,equal,2026-01-23T04:44:54.992Z
Drake,db-pii-1,lcc-kk-2,ik-3,ik-3,high,2026-01-23T04:45:20.383Z
Drake,db-bm-1,db-rch-1,cn-1,db-rch-1,high,2026-01-23T04:45:23.670Z
Drake,sjb-cdl-2,lcc-kk-2,db-pii-1,db-pii-1,low,2026-01-23T04:51:17.971Z
Drake,ik-3,ik-1,bi-hot-2,ik-1,high,2026-01-23T04:51:23.953Z
Drake,bi-hot-3,lcc-kk-1,db-bm-1,far,equal,2026-01-23T04:51:33.243Z
Drake,lcc-kk-1,bi-hot-1,lcc-kk-2,lcc-kk-2,low,2026-01-23T04:51:50.664Z
Drake,ik-1,db-rch-1,lcc-kk-2,lcc-kk-2,high,2026-01-23T04:51:56.278Z
Drake,rh-2,bi-hot-3,kg-kg-3,bi-hot-3,low,2026-01-23T04:52:05.596Z
Drake,ik-3,db-pii-1,ik-2,close,equal,2026-01-23T04:52:12.045Z
Drake,bi-hot-3,ik-4,kg-kg-2,ik-4,low,2026-01-23T04:52:30.660Z
Drake,bi-hot-3,ik-2,kg-kg-2,kg-kg-2,high,2026-01-23T04:52:36.958Z
Drake,rh-1,lcc-kk-1,tcn-tcn-1,far,equal,2026-01-23T04:52:47.763Z
Drake,kg-kg-2,dbt-rinsed-1,rh-1,far,equal,2026-01-23T04:53:11.547Z
Drake,sjb-cdl-2,st-3,tcn-tcn-1,tcn-tcn-1,low,2026-01-23T04:53:20.919Z
Drake,ik-2,cn-1,rh-3,cn-1,high,2026-01-23T04:53:32.945Z
Drake,ik-5,rh-2,db-pii-1,db-pii-1,high,2026-01-23T04:53:54.464Z
Drake,bi-hot-3,lcc-kk-2,bi-hot-2,bi-hot-2,high,2026-01-23T04:54:00.230Z
Drake,db-bm-1,lcc-kk-2,db-rch-1,db-rch-1,high,2026-01-23T04:54:13.319Z
Drake,db-bm-1,kg-kg-1,ik-1,far,equal,2026-01-23T04:54:26.684Z
Drake,db-bm2-1,rh-2,st-1,rh-2,high,2026-01-23T04:54:31.270Z
Drake,db-bm2-1,rh-1,dbt-rinsed-1,close,equal,2026-01-23T04:54:38.648Z
Drake,db-bm-1,ik-5,db-1,db-1,high,2026-01-23T04:54:43.086Z
Drake,kg-kg-1,sjb-cdl-1,cn-1,cn-1,low,2026-01-23T04:54:51.582Z
Drake,rh-2,dbt-rinsed-1,ik-2,far,equal,2026-01-23T04:55:12.799Z
Drake,bi-hot-1,ik-4,rh-1,ik-4,low,2026-01-23T04:55:19.198Z
Drake,rh-2,kg-kg-3,db-bm2-1,far,equal,2026-01-23T04:55:30.649Z
Drake,kg-kg-2,bi-hot-2,ik-2,far,equal,2026-01-23T04:55:49.090Z
Drake,ik-5,cn-1,lcc-kk-1,cn-1,low,2026-01-23T04:55:59.942Z
Drake,db-pii-1,ik-1,st-1,ik-1,high,2026-01-23T04:56:04.662Z
Drake,db-bm2-1,tcn-tcn-1,st-1,tcn-tcn-1,high,2026-01-23T04:56:11.823Z
Drake,lcc-kk-1,kg-kg-2,bi-hot-3,bi-hot-3,high,2026-01-23T04:56:24.416Z
Drake,db-rch-1,tcn-tcn-1,ik-2,tcn-tcn-1,high,2026-01-23T04:56:32.618Z
Drake,bi-hot-3,ik-1,lcc-kk-2,lcc-kk-2,low,2026-01-23T04:56:40.860Z
Drake,bi-hot-1,dbt-rinsed-1,ik-5,ik-5,low,2026-01-23T04:56:53.512Z
Drake,sjb-cdl-1,bi-hot-2,dbt-rinsed-1,close,equal,2026-01-23T04:57:10.823Z
Drake,st-3,db-bm-1,kg-kg-3,kg-kg-3,high,2026-01-23T04:57:16.779Z
Drake,rh-1,ik-1,db-pii-1,ik-1,low,2026-01-23T04:57:26.828Z
Drake,bi-hot-2,db-bm-1,db-pii-1,db-pii-1,low,2026-01-23T04:57:51.238Z
Drake,rh-1,rh-3,bi-hot-2,bi-hot-2,low,2026-01-23T04:57:54.004Z
Drake,ik-4,lcc-kk-2,dbt-rinsed-1,lcc-kk-2,high,2026-01-23T04:58:03.452Z
Drake,db-1,cn-1,bi-hot-1,far,equal,2026-01-23T04:58:13.469Z
Drake,kg-kg-1,sjb-cdl-2,db-bm-1,sjb-cdl-2,low,2026-01-23T04:58:19.521Z
Drake,bi-hot-3,lcc-kk-1,kg-kg-1,close,equal,2026-01-23T04:58:29.226Z
Drake,ik-5,db-pii-1,dbt-rinsed-1,close,equal,2026-01-23T04:58:36.981Z
Drake,sjb-cdl-1,cn-1,bi-hot-2,close,equal,2026-01-23T04:59:07.987Z
Drake,ik-2,db-pii-1,db-rch-1,db-pii-1,high,2026-01-23T04:59:15.557Z
Drake,kg-kg-2,rh-2,bi-hot-3,rh-2,low,2026-01-23T04:59:24.828Z
Drake,ik-3,sjb-cdl-2,rh-1,close,equal,2026-01-23T04:59:32.222Z
Drake,st-3,rh-3,tcn-tcn-1,rh-3,low,2026-01-23T04:59:46.505Z
Drake,rh-1,sjb-cdl-1,rh-3,close,equal,2026-01-23T17:21:03.960Z
Drake,lcc-kk-2,bi-hot-2,tcn-tcn-1,close,equal,2026-01-23T17:25:17.173Z
Drake,dbt-rinsed-1,cn-1,kg-kg-3,cn-1,low,2026-01-23T17:25:31.071Z
Drake,rh-2,kg-kg-2,cn-1,kg-kg-2,high,2026-01-23T17:25:51.448Z
Drake,db-bm-1,sjb-cdl-1,kg-kg-1,sjb-cdl-1,low,2026-01-23T17:26:15.193Z
Drake,st-1,ik-4,ik-5,close,equal,2026-01-23T17:27:17.610Z
Drake,lcc-kk-2,rh-3,bi-hot-3,rh-3,low,2026-01-23T17:29:30.655Z
Drake,ik-3,sjb-cdl-2,db-rch-1,sjb-cdl-2,high,2026-01-23T17:29:39.182Z
Drake,ik-1,kg-kg-2,sjb-cdl-2,sjb-cdl-2,high,2026-01-23T17:29:46.711Z
Drake,bi-hot-2,ik-4,bi-hot-3,bi-hot-3,low,2026-01-23T17:29:56.990Z
Drake,db-pii-1,ik-5,ik-4,close,equal,2026-01-23T17:30:25.162Z
Drake,sjb-cdl-1,ik-4,rh-2,ik-4,high,2026-01-23T17:30:32.071Z
Drake,ik-3,st-3,bi-hot-1,bi-hot-1,high,2026-01-23T17:31:09.785Z
Drake,kg-kg-1,rh-3,st-3,st-3,low,2026-01-23T17:31:51.576Z
Drake,bi-hot-1,lcc-kk-1,ik-1,close,equal,2026-01-23T17:32:25.748Z
Drake,st-1,lcc-kk-1,kg-kg-2,close,equal,2026-01-23T17:33:28.329Z
Drake,st-1,ik-1,rh-1,close,equal,2026-01-23T17:33:46.035Z
Drake,kg-kg-1,db-bm2-1,sjb-cdl-1,close,equal,2026-01-23T17:33:59.291Z
Drake,sjb-cdl-2,db-bm2-1,ik-3,close,equal,2026-01-23T18:02:48.755Z
Drake,rh-3,sjb-cdl-2,db-bm2-1,db-bm2-1,low,2026-01-23T18:02:56.667Z
Drake,ik-5,lcc-kk-1,sjb-cdl-1,sjb-cdl-1,low,2026-01-23T18:07:06.925Z
Drake,cc-knights,ik-4,kg-kg-3,far,equal,2026-01-23T18:07:25.326Z
Drake,bi-hot-1,kg-kg-3,db-rch-1,kg-kg-3,high,2026-01-23T18:07:34.172Z
Drake,ia-iam-pod-0,bo-benzo,dh-fucking-your-girl,bo-benzo,high,2026-01-23T18:07:41.125Z
Drake,st-1,db-bm2-1,db-rch-1,db-bm2-1,high,2026-01-23T18:07:53.862Z
Drake,ia-dawn-in-the-adan,db-1,rh-2,rh-2,high,2026-01-23T18:08:00.511Z
Drake,ik-3,kg-kg-2,dh-neon-kitchen,close,equal,2026-01-23T18:08:06.621Z
Drake,bo-always-let-you-down,cc-vanished,cn-1,cn-1,low,2026-01-23T18:08:23.169Z
Drake,st-3,bi-hot-1,lcc-kk-2,lcc-kk-2,low,2026-01-23T18:08:31.538Z
Drake,ia-dawn-in-the-adan,tcn-tcn-1,st-1,close,equal,2026-01-23T18:08:37.936Z
Drake,ik-5,dbt-rinsed-1,db-rch-1,dbt-rinsed-1,low,2026-01-23T18:08:41.835Z
Drake,st-1,ia-asleep-among-endives,dh-fucking-your-girl,ia-asleep-among-endives,high,2026-01-23T18:08:45.815Z
Drake,rh-2,st-1,cc-vanished,st-1,high,2026-01-23T18:08:48.177Z
Drake,kg-kg-3,bo-benzo,bi-hot-2,bo-benzo,low,2026-01-23T18:08:55.592Z
Drake,db-rch-1,lcc-kk-1,rh-2,far,equal,2026-01-23T18:09:11.126Z
Drake,sjb-cdl-2,lcc-kk-1,kg-kg-2,far,equal,2026-01-23T18:09:26.370Z
Drake,ik-3,rh-2,ss-fantasy,rh-2,high,2026-01-23T18:09:30.713Z
Drake,ss-genocide,lcc-kk-2,rh-3,rh-3,low,2026-01-23T18:09:42.963Z
Drake,ik-1,kg-kg-1,ss-fantasy,kg-kg-1,high,2026-01-23T18:09:51.675Z
Drake,ss-genocide,ik-5,bi-hot-2,bi-hot-2,low,2026-01-23T18:09:56.516Z
Drake,bi-hot-2,bo-minetta-creek,sjb-cdl-1,close,equal,2026-01-23T18:10:10.124Z
Drake,ik-2,cc-knights,rh-3,rh-3,high,2026-01-23T18:10:17.191Z
Drake,ik-5,ia-asleep-among-endives,db-bm-1,ia-asleep-among-endives,high,2026-01-23T18:10:20.365Z
Drake,tcn-tcn-1,ik-5,rh-1,ik-5,high,2026-01-23T18:10:25.899Z
Drake,rh-2,db-pii-1,ik-5,ik-5,high,2026-01-23T18:10:32.977Z
Drake,bo-youre-not-good-enough,dh-neon-kitchen,ia-iam-pod-0,dh-neon-kitchen,high,2026-01-23T18:10:36.356Z
Drake,sjb-cdl-1,tcn-tcn-1,ik-1,ik-1,high,2026-01-23T18:10:43.092Z
Drake,db-pii-1,bi-hot-1,kg-kg-1,bi-hot-1,low,2026-01-23T18:10:47.776Z
Drake,dh-fucking-your-girl,bo-minetta-creek,ia-iam-pod-0,bo-minetta-creek,high,2026-01-23T18:10:52.380Z
Drake,kg-kg-3,st-1,ia-asleep-among-endives,st-1,high,2026-01-23T18:11:05.426Z
Drake,rh-1,sjb-cdl-1,ik-4,close,equal,2026-01-23T18:11:17.875Z
Drake,ik-3,kg-kg-2,bi-hot-3,close,equal,2026-01-23T18:13:33.405Z
Drake,ia-asleep-among-endives,rh-3,cc-knights,rh-3,high,2026-01-23T18:13:43.205Z
Drake,rh-1,lcc-kk-2,kg-kg-2,lcc-kk-2,high,2026-01-23T18:13:50.415Z
Drake,bo-youre-not-good-enough,ss-fantasy,db-1,ss-fantasy,high,2026-01-23T18:13:56.412Z
Drake,lcc-kk-1,bo-orlando,sjb-cdl-2,bo-orlando,high,2026-01-23T18:14:02.997Z
Drake,bo-benzo,ik-1,kg-kg-3,ik-1,high,2026-01-23T18:14:27.333Z
Drake,kg-kg-1,bo-orlando,db-bm-1,bo-orlando,high,2026-01-23T18:14:32.347Z
Drake,ik-2,bi-hot-2,rh-1,close,equal,2026-01-23T18:14:39.100Z
Drake,db-1,st-1,db-pii-1,db-pii-1,low,2026-01-23T18:14:46.782Z
Drake,sjb-cdl-1,ia-asleep-among-endives,cc-knights,ia-asleep-among-endives,high,2026-01-23T18:14:56.900Z
Drake,rh-3,rh-2,st-1,close,equal,2026-01-23T18:14:59.962Z
Drake,rh-3,dh-neon-kitchen,kg-kg-3,kg-kg-3,high,2026-01-23T18:15:04.847Z
Drake,bo-orlando,rh-3,cn-1,rh-3,high,2026-01-23T18:15:10.704Z
Drake,ik-5,cc-knights,rh-2,rh-2,high,2026-01-23T18:15:23.546Z
Drake,bo-always-let-you-down,ia-asleep-among-endives,cc-vanished,cc-vanished,high,2026-01-23T18:15:32.041Z
Drake,sjb-cdl-2,cn-1,tcn-tcn-1,close,equal,2026-01-23T18:15:36.388Z
Drake,bo-orlando,kg-kg-1,db-bm-1,kg-kg-1,high,2026-01-23T18:15:41.514Z
Drake,bi-hot-2,db-bm-1,tcn-tcn-1,close,equal,2026-01-23T18:15:45.761Z
Drake,ik-3,kg-kg-1,kg-kg-2,kg-kg-1,high,2026-01-23T18:15:56.792Z
Drake,kg-kg-3,rh-1,bo-youre-not-good-enough,rh-1,low,2026-01-23T18:16:08.253Z
Drake,cc-vanished,db-pii-1,lcc-kk-1,db-pii-1,high,2026-01-23T18:16:13.696Z
Drake,rh-3,kg-kg-3,bi-hot-1,kg-kg-3,high,2026-01-23T18:16:16.595Z
Drake,dh-fucking-your-girl,bi-hot-1,ss-genocide,ss-genocide,high,2026-01-23T18:16:37.841Z
Drake,lcc-kk-2,kg-kg-3,bi-hot-2,bi-hot-2,high,2026-01-23T18:16:41.513Z
Drake,ik-2,cc-vanished,sjb-cdl-2,sjb-cdl-2,high,2026-01-23T18:18:45.458Z
Drake,cc-vanished,rh-1,bi-hot-3,far,equal,2026-01-23T18:18:55.414Z
Drake,bo-orlando,bo-youre-not-good-enough,cn-1,bo-youre-not-good-enough,high,2026-01-23T18:18:59.215Z
Drake,rh-2,sjb-cdl-2,bi-hot-1,sjb-cdl-2,high,2026-01-23T18:19:04.868Z
Drake,bo-always-let-you-down,bo-minetta-creek,rh-2,bo-minetta-creek,high,2026-01-23T18:22:10.955Z
Drake,ik-4,rh-2,rh-3,rh-2,high,2026-01-23T18:22:22.766Z
Drake,cc-vanished,kg-kg-1,st-3,kg-kg-1,high,2026-01-23T18:22:32.648Z
Drake,bo-always-let-you-down,kg-kg-1,bi-hot-1,kg-kg-1,high,2026-01-23T18:22:39.557Z
Drake,bi-hot-1,rh-3,bo-always-let-you-down,bo-always-let-you-down,high,2026-01-23T18:22:43.859Z
Drake,bi-hot-2,rh-3,bo-youre-not-good-enough,far,equal,2026-01-23T18:22:49.196Z
Drake,dh-fucking-your-girl,kg-kg-1,db-bm-1,db-bm-1,high,2026-01-23T18:22:54.645Z
Drake,tcn-tcn-1,sjb-cdl-1,rh-3,sjb-cdl-1,high,2026-01-23T18:22:59.661Z
Drake,tcn-tcn-1,kg-kg-2,lcc-kk-2,lcc-kk-2,high,2026-01-23T18:23:12.477Z
Drake,sjb-cdl-2,ss-fantasy,bo-orlando,bo-orlando,high,2026-01-23T18:23:45.058Z
Drake,lcc-kk-2,dh-neon-kitchen,db-bm2-1,dh-neon-kitchen,high,2026-01-23T18:24:26.341Z
Drake,cc-knights,bi-hot-1,cc-vanished,cc-vanished,high,2026-01-23T18:24:30.772Z
Drake,ik-1,db-bm2-1,lcc-kk-2,close,equal,2026-01-23T18:24:35.589Z
Drake,db-bm-1,ia-iam-pod-0,lcc-kk-1,ia-iam-pod-0,high,2026-01-23T18:24:47.946Z
Drake,ik-3,cc-vanished,rh-1,rh-1,high,2026-01-23T18:24:56.210Z
Drake,lcc-kk-2,bo-orlando,rh-1,rh-1,high,2026-01-23T18:25:08.000Z
Drake,db-rch-1,rh-1,ik-2,far,equal,2026-01-23T18:25:36.020Z
Drake,lcc-kk-1,bo-youre-not-good-enough,st-1,st-1,high,2026-01-23T18:25:42.427Z
Drake,ik-5,ia-asleep-among-endives,bo-youre-not-good-enough,ia-asleep-among-endives,high,2026-01-23T18:25:45.399Z
Drake,cn-1,ia-asleep-among-endives,bi-hot-2,bi-hot-2,high,2026-01-23T18:25:56.893Z
Drake,ik-3,rh-2,ia-asleep-among-endives,close,equal,2026-01-23T18:26:03.686Z
Drake,db-rch-1,db-1,ik-1,close,equal,2026-01-23T18:26:15.862Z
Drake,db-1,st-1,bi-hot-2,st-1,high,2026-01-23T18:26:31.845Z
Drake,cc-knights,cc-vanished,bi-hot-2,cc-vanished,high,2026-01-23T18:26:34.916Z
Drake,dbt-rinsed-1,dh-fucking-your-girl,cn-1,close,equal,2026-01-23T18:26:44.613Z
Drake,bo-orlando,bo-minetta-creek,bo-benzo,bo-minetta-creek,high,2026-01-23T18:27:12.520Z
Drake,db-1,st-3,lcc-kk-2,far,equal,2026-01-23T18:27:26.815Z
Drake,cn-1,rh-3,st-1,rh-3,high,2026-01-23T18:27:45.833Z
Drake,db-rch-1,db-1,ss-genocide,db-1,high,2026-01-23T18:27:48.268Z
Drake,lcc-kk-2,db-rch-1,st-1,st-1,high,2026-01-23T18:27:52.149Z
Drake,cn-1,rh-2,kg-kg-1,kg-kg-1,high,2026-01-23T18:27:59.704Z
Drake,bo-minetta-creek,bi-hot-1,rh-3,far,equal,2026-01-23T18:28:13.643Z
Drake,bo-minetta-creek,db-bm2-1,rh-1,db-bm2-1,high,2026-01-23T18:28:16.097Z
Drake,bo-youre-not-good-enough,kg-kg-3,db-pii-1,kg-kg-3,high,2026-01-23T18:28:21.057Z
Drake,cc-vanished,db-bm2-1,bi-hot-1,far,equal,2026-01-23T18:28:27.340Z
Drake,kg-kg-1,cn-1,cc-vanished,cn-1,high,2026-01-23T18:28:31.342Z
Drake,bo-orlando,lcc-kk-1,rh-1,lcc-kk-1,high,2026-01-23T18:28:36.639Z
Drake,ik-3,rh-2,rh-1,close,equal,2026-01-23T18:28:44.225Z
Drake,ia-asleep-among-endives,sjb-cdl-2,lcc-kk-2,close,equal,2026-01-23T18:28:47.244Z
Drake,kg-kg-3,bo-youre-not-good-enough,st-3,close,equal,2026-01-23T18:29:38.798Z
Drake,rh-3,ik-1,ik-2,far,equal,2026-01-23T18:29:52.054Z
Drake,sjb-cdl-2,kg-kg-3,db-bm2-1,db-bm2-1,high,2026-01-23T18:30:10.274Z
Drake,bo-minetta-creek,lcc-kk-2,ik-1,lcc-kk-2,high,2026-01-23T18:30:15.295Z
Drake,db-bm2-1,lcc-kk-1,dh-fucking-your-girl,dh-fucking-your-girl,high,2026-01-23T18:30:19.780Z
Drake,ik-3,ia-asleep-among-endives,kg-kg-2,ia-asleep-among-endives,high,2026-01-23T18:30:28.511Z
Drake,ia-asleep-among-endives,db-bm-1,ik-2,ik-2,high,2026-01-23T18:30:33.712Z
Drake,rh-3,cc-knights,bo-youre-not-good-enough,cc-knights,high,2026-01-23T18:30:46.891Z
Drake,kg-kg-1,ik-2,kg-kg-3,kg-kg-3,high,2026-01-23T18:30:56.424Z
Drake,rh-1,bo-minetta-creek,bo-always-let-you-down,bo-minetta-creek,high,2026-01-23T18:31:12.555Z
Drake,lcc-kk-1,kg-kg-2,bi-hot-3,kg-kg-2,high,2026-01-23T18:31:19.509Z
Drake,ia-iam-pod-0,sjb-cdl-1,ik-1,sjb-cdl-1,high,2026-01-23T18:31:23.692Z
Drake,rh-3,bo-orlando,bi-hot-3,bo-orlando,high,2026-01-23T18:31:32.276Z
Drake,ik-5,ik-3,ik-2,close,equal,2026-01-23T18:31:36.504Z
Drake,st-3,kg-kg-2,bo-youre-not-good-enough,kg-kg-2,high,2026-01-23T18:31:41.397Z
Drake,bo-youre-not-good-enough,dh-neon-kitchen,db-bm2-1,dh-neon-kitchen,high,2026-01-23T18:31:54.281Z
Drake,tcn-tcn-1,kg-kg-3,bo-always-let-you-down,far,equal,2026-01-23T18:31:57.913Z
Drake,db-rch-1,kg-kg-3,sjb-cdl-1,sjb-cdl-1,high,2026-01-23T18:32:03.387Z
Drake,ia-asleep-among-endives,db-1,bi-hot-2,bi-hot-2,high,2026-01-23T18:32:06.592Z
Drake,bo-minetta-creek,tcn-tcn-1,cn-1,cn-1,high,2026-01-23T18:32:15.426Z
Drake,lcc-kk-1,bo-youre-not-good-enough,ik-5,ik-5,high,2026-01-23T18:32:19.139Z
Drake,rh-1,dbt-rinsed-1,dh-neon-kitchen,dh-neon-kitchen,high,2026-01-23T18:32:28.612Z
Drake,ik-5,bo-orlando,bo-minetta-creek,far,equal,2026-01-23T18:32:41.366Z
Drake,bi-hot-1,db-pii-1,ia-dawn-in-the-adan,db-pii-1,high,2026-01-23T18:38:46.943Z
Drake,bo-benzo,bo-youre-not-good-enough,ss-fantasy,bo-youre-not-good-enough,high,2026-01-23T18:41:04.983Z
Drake,db-rch-1,sjb-cdl-2,db-1,db-1,high,2026-01-23T18:41:07.877Z
Drake,ia-iam-pod-0,dh-fucking-your-girl,db-1,dh-fucking-your-girl,high,2026-01-23T18:41:20.525Z
Drake,rh-2,db-bm2-1,dh-fucking-your-girl,db-bm2-1,high,2026-01-23T18:41:28.551Z
Drake,ik-3,db-rch-1,cn-1,cn-1,high,2026-01-23T18:41:31.994Z
Drake,ik-1,dh-neon-kitchen,rh-3,dh-neon-kitchen,high,2026-01-23T18:41:47.693Z
Drake,ia-asleep-among-endives,bo-benzo,bo-minetta-creek,bo-benzo,high,2026-01-23T18:41:50.173Z
Drake,kg-kg-3,ik-2,rh-3,rh-3,high,2026-01-23T18:41:59.665Z
Drake,bo-always-let-you-down,ss-fantasy,bo-minetta-creek,bo-minetta-creek,high,2026-01-23T18:42:17.235Z
Drake,ia-asleep-among-endives,bo-benzo,cc-knights,bo-benzo,high,2026-01-23T18:42:21.032Z
Drake,rh-3,cc-knights,ik-5,cc-knights,high,2026-01-23T18:42:40.420Z
Drake,dh-neon-kitchen,rh-3,bi-hot-2,far,equal,2026-01-23T18:42:49.559Z
Drake,rh-2,ss-genocide,kg-kg-2,far,equal,2026-01-23T18:43:01.437Z
Drake,bi-hot-3,ss-genocide,db-1,ss-genocide,low,2026-01-23T18:43:07.147Z
Drake,ss-fantasy,sjb-cdl-2,db-1,db-1,high,2026-01-23T18:43:16.687Z
Drake,bo-minetta-creek,rh-1,db-1,rh-1,high,2026-01-23T18:43:39.209Z
Drake,ia-iam-pod-0,bo-minetta-creek,rh-1,rh-1,high,2026-01-23T18:43:42.611Z
Drake,bo-benzo,dh-neon-kitchen,rh-2,dh-neon-kitchen,high,2026-01-23T18:44:27.287Z
Drake,ss-genocide,sjb-cdl-2,kg-kg-1,kg-kg-1,high,2026-01-23T18:44:36.764Z
Drake,dh-fucking-your-girl,db-rch-1,lcc-kk-2,db-rch-1,high,2026-01-23T18:44:46.068Z
Drake,st-1,tcn-tcn-1,db-rch-1,tcn-tcn-1,high,2026-01-23T18:44:52.539Z
Drake,tcn-tcn-1,bo-always-let-you-down,db-rch-1,db-rch-1,high,2026-01-23T18:44:57.691Z
Drake,ss-genocide,ik-4,st-1,st-1,high,2026-01-23T18:45:05.415Z
Drake,kg-kg-2,db-pii-1,dh-fucking-your-girl,dh-fucking-your-girl,high,2026-01-23T18:45:12.938Z
Drake,db-1,st-3,sjb-cdl-2,st-3,high,2026-01-23T18:45:29.289Z
Drake,sjb-cdl-2,db-bm2-1,ik-4,ik-4,high,2026-01-23T18:45:35.707Z
Drake,ik-5,cc-knights,lcc-kk-2,lcc-kk-2,high,2026-01-23T18:45:46.592Z
Drake,ik-3,kg-kg-3,rh-3,kg-kg-3,high,2026-01-23T18:46:00.958Z
Drake,cn-1,ss-genocide,ik-1,ss-genocide,high,2026-01-23T18:46:10.128Z
Drake,bo-youre-not-good-enough,bo-benzo,db-pii-1,bo-benzo,high,2026-01-23T18:46:13.881Z
Drake,lcc-kk-1,kg-kg-2,ik-3,ik-3,high,2026-01-23T18:46:20.750Z
Drake,dbt-rinsed-1,tcn-tcn-1,lcc-kk-1,tcn-tcn-1,high,2026-01-23T18:46:38.848Z
Drake,cc-vanished,sjb-cdl-2,tcn-tcn-1,tcn-tcn-1,high,2026-01-23T18:46:41.522Z
Drake,bi-hot-1,ia-dawn-in-the-adan,kg-kg-3,kg-kg-3,low,2026-01-23T18:46:53.392Z
Drake,kg-kg-2,db-bm-1,db-pii-1,db-bm-1,high,2026-01-23T18:47:12.427Z
Drake,ik-1,cc-vanished,cn-1,cn-1,low,2026-01-23T18:47:19.964Z
Drake,bi-hot-3,ik-2,bi-hot-1,bi-hot-1,high,2026-01-23T18:47:25.550Z
Drake,ik-5,kg-kg-3,ia-iam-pod-0,ia-iam-pod-0,high,2026-01-23T18:47:28.082Z
Drake,cn-1,bo-orlando,st-1,bo-orlando,high,2026-01-23T18:47:37.811Z
Drake,bo-benzo,ia-dawn-in-the-adan,bo-minetta-creek,bo-minetta-creek,high,2026-01-23T18:47:46.522Z
Drake,bi-hot-2,sjb-cdl-2,db-rch-1,sjb-cdl-2,high,2026-01-23T20:16:34.055Z
Drake,bo-always-let-you-down,ss-fantasy,bi-hot-2,ss-fantasy,low,2026-01-23T20:16:45.656Z
Drake,dh-neon-kitchen,tcn-tcn-1,bo-benzo,bo-benzo,high,2026-01-23T20:16:51.109Z
Drake,db-pii-1,bo-orlando,ss-fantasy,far,equal,2026-01-23T20:16:55.820Z
Drake,cc-knights,bi-hot-2,ik-5,bi-hot-2,low,2026-01-23T20:17:04.251Z
Drake,cc-knights,dh-fucking-your-girl,dbt-rinsed-1,dh-fucking-your-girl,high,2026-01-23T20:17:13.521Z
Drake,kg-kg-3,cn-1,ik-2,cn-1,low,2026-01-23T20:17:22.078Z
Drake,bo-benzo,kg-kg-3,db-pii-1,far,equal,2026-01-23T20:17:50.784Z
Drake,st-1,lcc-kk-2,db-rch-1,lcc-kk-2,high,2026-01-23T20:18:19.454Z
Drake,db-1,bo-always-let-you-down,bo-orlando,bo-always-let-you-down,high,2026-01-23T20:18:26.721Z
Drake,lcc-kk-1,bo-minetta-creek,db-bm2-1,close,equal,2026-01-23T20:18:36.476Z
Drake,kg-kg-2,ss-genocide,db-rch-1,far,equal,2026-01-23T20:18:45.860Z
Drake,db-1,ik-5,dh-fucking-your-girl,dh-fucking-your-girl,high,2026-01-23T20:18:56.800Z
Drake,rh-3,sjb-cdl-2,st-1,st-1,high,2026-01-23T20:18:59.832Z
Drake,db-rch-1,dh-neon-kitchen,db-bm2-1,far,equal,2026-01-23T20:19:04.365Z
Drake,bi-hot-1,st-3,ia-iam-pod-0,ia-iam-pod-0,high,2026-01-23T20:19:09.864Z
Drake,bi-hot-3,ik-2,st-3,ik-2,low,2026-01-23T20:19:31.127Z
Drake,lcc-kk-1,ik-1,db-1,ik-1,low,2026-01-23T20:19:39.790Z
Drake,lcc-kk-2,kg-kg-3,tcn-tcn-1,tcn-tcn-1,low,2026-01-23T20:19:51.030Z
Drake,ia-asleep-among-endives,bo-benzo,ik-2,ik-2,high,2026-01-23T20:20:00.812Z
Drake,rh-1,bo-benzo,ss-genocide,bo-benzo,high,2026-01-23T20:20:07.481Z
Drake,bo-always-let-you-down,kg-kg-3,ia-iam-pod-0,kg-kg-3,low,2026-01-23T20:20:11.859Z
Drake,bo-benzo,bi-hot-1,ik-4,bi-hot-1,low,2026-01-23T20:20:18.298Z
Drake,sjb-cdl-2,bi-hot-2,lcc-kk-2,close,equal,2026-01-23T20:20:32.069Z
Drake,bo-minetta-creek,ia-dawn-in-the-adan,ik-5,ia-dawn-in-the-adan,low,2026-01-23T20:21:05.803Z
Drake,ss-fantasy,db-pii-1,db-1,db-1,high,2026-01-23T20:21:11.650Z
Drake,kg-kg-1,kg-kg-2,dbt-rinsed-1,kg-kg-2,high,2026-01-23T20:21:14.384Z
Drake,ss-genocide,bo-always-let-you-down,kg-kg-2,bo-always-let-you-down,low,2026-01-23T20:21:30.307Z
Drake,kg-kg-3,dh-neon-kitchen,bo-orlando,bo-orlando,low,2026-01-23T20:21:45.281Z
Drake,bi-hot-2,sjb-cdl-1,ik-5,sjb-cdl-1,low,2026-01-23T20:21:54.868Z
Drake,bi-hot-1,st-1,dh-neon-kitchen,st-1,low,2026-01-23T20:21:58.229Z
Drake,kg-kg-1,cc-vanished,bi-hot-3,bi-hot-3,high,2026-01-23T20:22:02.616Z
Drake,cc-vanished,dh-neon-kitchen,ia-asleep-among-endives,dh-neon-kitchen,high,2026-01-23T20:22:07.784Z
Drake,st-3,cn-1,rh-1,far,equal,2026-01-23T20:22:12.834Z
Drake,rh-3,db-bm2-1,ik-5,db-bm2-1,high,2026-01-23T20:22:15.679Z
Drake,db-rch-1,sjb-cdl-2,bo-always-let-you-down,bo-always-let-you-down,low,2026-01-23T20:22:22.723Z
Drake,db-bm2-1,db-1,lcc-kk-1,db-1,high,2026-01-23T20:22:25.471Z
Drake,rh-3,kg-kg-2,bi-hot-2,kg-kg-2,high,2026-01-23T20:22:40.030Z
Drake,rh-2,bo-youre-not-good-enough,dh-fucking-your-girl,dh-fucking-your-girl,high,2026-01-23T20:22:44.839Z
Drake,sjb-cdl-1,st-1,kg-kg-1,kg-kg-1,2,2026-01-23T21:05:03.880Z
Drake,dbt-rinsed-1,ik-2,bo-always-let-you-down,ik-2,2,2026-01-23T21:05:15.898Z
Drake,bo-youre-not-good-enough,db-bm-1,cc-knights,db-bm-1,1,2026-01-23T21:05:51.080Z
Drake,ik-1,ss-fantasy,ik-2,ik-2,3,2026-01-23T21:05:58.109Z
Drake,sjb-cdl-2,db-1,cn-1,db-1,3,2026-01-23T21:07:07.250Z
Drake,ss-genocide,kg-kg-3,rh-2,rh-2,1,2026-01-23T21:07:30.818Z
Drake,cc-knights,st-1,bo-always-let-you-down,bo-always-let-you-down,3,2026-01-23T21:07:35.752Z
Drake,tcn-tcn-1,ik-2,sjb-cdl-1,sjb-cdl-1,2,2026-01-23T21:07:53.380Z
Drake,bo-minetta-creek,dh-fucking-your-girl,rh-1,rh-1,2,2026-01-23T21:08:01.561Z
Drake,st-1,ik-2,dh-neon-kitchen,ik-2,3,2026-01-23T21:08:13.418Z
Drake,cc-vanished,ss-fantasy,kg-kg-2,ss-fantasy,1,2026-01-23T21:08:18.244Z
Drake,st-3,cc-knights,kg-kg-2,kg-kg-2,3,2026-01-23T21:08:34.974Z
Drake,bi-hot-2,rh-3,ss-fantasy,rh-3,2,2026-01-23T21:08:43.378Z
Drake,ik-3,sjb-cdl-2,st-3,sjb-cdl-2,3,2026-01-23T21:08:50.918Z
Drake,dh-neon-kitchen,st-1,cc-knights,cc-knights,3,2026-01-23T21:08:59.028Z
Drake,st-3,ik-2,bo-orlando,bo-orlando,3,2026-01-24T21:09:40.333Z
Drake,rh-1,ik-3,st-1,st-1,3,2026-01-24T21:09:51.468Z
Drake,bo-youre-not-good-enough,ss-fantasy,lcc-kk-2,ss-fantasy,3,2026-01-24T21:15:38.818Z
Drake,cn-1,rh-1,cc-knights,cc-knights,2,2026-01-24T21:15:50.185Z
Drake,tcn-tcn-1,ia-iam-pod-0,ik-2,ik-2,2,2026-01-24T21:16:03.379Z
Drake,st-3,st-1,ss-fantasy,st-1,3,2026-01-24T21:16:09.693Z
Drake,kg-kg-1,bi-hot-1,kg-kg-2,kg-kg-2,3,2026-01-24T21:16:18.694Z
Drake,lcc-kk-2,tcn-tcn-1,st-1,st-1,3,2026-01-24T21:16:28.780Z
Drake,ik-4,ss-fantasy,rh-1,rh-1,3,2026-01-24T21:16:39.112Z
Drake,cn-1,rh-2,db-bm-1,db-bm-1,3,2026-01-24T21:16:49.435Z
Drake,kg-kg-1,db-1,kg-kg-2,kg-kg-2,3,2026-01-24T21:16:58.167Z
Drake,bi-hot-3,bo-youre-not-good-enough,ik-2,bo-youre-not-good-enough,2,2026-01-24T21:17:12.097Z
Drake,db-bm-1,ik-3,ia-dawn-in-the-adan,ik-3,2,2026-01-24T21:17:19.540Z
Drake,bo-benzo,ia-asleep-among-endives,rh-1,rh-1,3,2026-01-24T21:17:31.485Z
Drake,bo-minetta-creek,db-bm2-1,kg-kg-2,db-bm2-1,2,2026-01-24T21:17:48.914Z
Drake,ss-fantasy,bo-minetta-creek,st-1,bo-minetta-creek,2,2026-01-24T21:17:58.386Z
Drake,ik-5,sjb-cdl-1,db-bm-1,sjb-cdl-1,3,2026-01-24T21:18:11.448Z
Drake,sjb-cdl-1,kg-kg-2,ia-dawn-in-the-adan,ia-dawn-in-the-adan,3,2026-01-24T21:18:45.342Z
Drake,st-3,ik-2,dh-fucking-your-girl,ik-2,2,2026-01-24T21:18:57.990Z
Drake,rh-3,db-bm-1,ik-3,db-bm-1,2,2026-01-24T21:19:04.303Z
Drake,ia-dawn-in-the-adan,bo-minetta-creek,ik-2,ik-2,2,2026-01-24T21:22:00.754Z
Drake,kg-kg-2,ia-iam-pod-0,st-1,st-1,3,2026-01-24T21:22:05.790Z
Drake,dh-neon-kitchen,bo-minetta-creek,db-bm-1,bo-minetta-creek,3,2026-01-24T21:22:34.897Z
Drake,dh-neon-kitchen,ss-genocide,db-bm-1,db-bm-1,2,2026-01-24T21:22:50.676Z
Drake,db-1,st-1,bo-benzo,st-1,2,2026-01-24T21:23:05.544Z
Drake,bo-always-let-you-down,rh-1,sjb-cdl-2,sjb-cdl-2,2,2026-01-24T21:23:22.459Z
Drake,bi-hot-1,kg-kg-2,ia-iam-pod-0,kg-kg-2,2,2026-01-24T21:23:30.094Z
Drake,kg-kg-1,bo-always-let-you-down,db-bm-1,bo-always-let-you-down,1,2026-01-24T21:23:42.246Z
Drake,bi-hot-2,cn-1,cc-vanished,cn-1,3,2026-01-24T21:23:46.416Z
Drake,st-1,tcn-tcn-1,kg-kg-1,kg-kg-1,3,2026-01-24T21:23:54.044Z
Drake,bi-hot-3,cc-knights,cn-1,cn-1,3,2026-01-24T21:23:58.338Z
Drake,st-1,lcc-kk-1,ia-asleep-among-endives,ia-asleep-among-endives,2,2026-01-24T21:24:09.285Z
Drake,dh-fucking-your-girl,ss-fantasy,lcc-kk-1,lcc-kk-1,1,2026-01-24T21:24:18.553Z
Drake,kg-kg-2,st-1,dbt-rinsed-1,st-1,3,2026-01-24T21:24:23.220Z
Drake,bo-always-let-you-down,lcc-kk-1,cc-knights,lcc-kk-1,2,2026-01-24T21:24:27.350Z
Drake,kg-kg-2,kg-kg-1,rh-1,kg-kg-1,3,2026-01-24T21:24:31.199Z
Drake,bi-hot-1,bo-orlando,kg-kg-2,bo-orlando,3,2026-01-24T21:24:43.773Z
Drake,bo-orlando,tcn-tcn-1,rh-2,tcn-tcn-1,2,2026-01-24T21:24:53.091Z
Drake,ss-genocide,db-bm-1,dh-neon-kitchen,dh-neon-kitchen,2,2026-01-24T21:24:59.991Z
Drake,db-pii-1,kg-kg-3,db-bm-1,db-bm-1,3,2026-01-24T21:25:04.459Z
Drake,ik-2,kg-kg-3,dh-fucking-your-girl,dh-fucking-your-girl,1,2026-01-26T02:30:42.873Z
Drake,bi-hot-2,rh-1,ia-dawn-in-the-adan,rh-1,2,2026-01-26T02:31:25.139Z
Drake,kg-kg-2,bo-benzo,bi-hot-3,bi-hot-3,2,2026-01-26T02:31:48.395Z
Drake,rh-2,ik-2,db-bm2-1,db-bm2-1,1,2026-01-26T02:31:57.327Z
Drake,dbt-rinsed-1,sjb-cdl-1,db-rch-1,db-rch-1,2,2026-01-26T02:32:05.586Z
Drake,bo-always-let-you-down,db-rch-1,ik-4,db-rch-1,2,2026-01-26T02:32:18.215Z
Drake,st-3,cc-vanished,kg-kg-3,kg-kg-3,2,2026-01-26T02:32:25.461Z
Drake,kg-kg-2,dh-neon-kitchen,lcc-kk-1,lcc-kk-1,2,2026-01-26T02:32:49.574Z
Drake,bo-benzo,ia-asleep-among-endives,tcn-tcn-1,tcn-tcn-1,1,2026-01-26T02:32:54.808Z
Drake,bo-minetta-creek,db-1,ik-4,db-1,1,2026-01-26T02:33:03.469Z
Drake,cc-vanished,sjb-cdl-1,db-1,db-1,3,2026-01-26T02:33:11.999Z
Drake,kg-kg-2,cn-1,ik-5,cn-1,3,2026-01-26T02:33:21.855Z
Drake,ia-dawn-in-the-adan,bi-hot-2,lcc-kk-1,lcc-kk-1,3,2026-01-26T02:33:32.048Z
Drake,ik-2,lcc-kk-1,ia-dawn-in-the-adan,ia-dawn-in-the-adan,2,2026-01-26T02:33:43.494Z
Drake,rh-3,ik-2,ia-iam-pod-0,ik-2,2,2026-01-26T02:33:48.001Z
Drake,ik-4,db-1,dbt-rinsed-1,dbt-rinsed-1,3,2026-01-26T02:34:10.872Z
Drake,ik-1,ik-2,ik-4,ik-2,3,2026-01-26T02:34:37.570Z
Drake,db-rch-1,bi-hot-3,dbt-rinsed-1,dbt-rinsed-1,3,2026-01-26T02:34:42.407Z
Drake,db-1,lcc-kk-1,st-3,lcc-kk-1,1,2026-01-26T02:34:54.742Z
Drake,ik-4,dbt-rinsed-1,db-bm-1,dbt-rinsed-1,1,2026-01-26T02:35:03.736Z
Drake,ik-3,ss-fantasy,ik-5,ik-5,3,2026-01-26T04:32:39.680Z
Drake,ia-asleep-among-endives,bi-hot-1,tcn-tcn-1,bi-hot-1,3,2026-01-26T04:32:44.833Z
Drake,bo-minetta-creek,ik-3,tcn-tcn-1,tcn-tcn-1,3,2026-01-26T04:33:18.591Z
Drake,lcc-kk-1,dh-neon-kitchen,kg-kg-2,kg-kg-2,3,2026-01-26T04:33:28.367Z
Drake,st-3,ik-1,dh-fucking-your-girl,dh-fucking-your-girl,2,2026-01-26T04:33:38.493Z
Drake,rh-2,ik-1,ik-5,ik-5,3,2026-01-26T04:33:46.978Z
Drake,bi-hot-3,dh-neon-kitchen,db-1,dh-neon-kitchen,2,2026-01-26T04:34:13.692Z
Drake,bo-youre-not-good-enough,db-bm-1,ss-fantasy,ss-fantasy,3,2026-01-26T04:34:22.423Z
Drake,ik-1,kg-kg-3,ss-fantasy,ss-fantasy,3,2026-01-26T04:34:27.498Z
Drake,dbt-rinsed-1,ss-genocide,tcn-tcn-1,tcn-tcn-1,3,2026-01-26T04:34:31.662Z
Drake,db-1,ik-5,st-3,st-3,1,2026-01-26T04:34:42.522Z
Drake,kg-kg-1,ss-genocide,ik-2,ss-genocide,3,2026-01-26T04:35:17.008Z
Drake,bi-hot-1,bo-benzo,db-bm-1,bo-benzo,3,2026-01-26T04:35:40.561Z
Drake,lcc-kk-1,kg-kg-3,bo-orlando,bo-orlando,3,2026-01-26T04:36:04.883Z
Drake,ia-iam-pod-0,tcn-tcn-1,ss-fantasy,ss-fantasy,2,2026-01-26T04:36:14.731Z
Drake,kg-kg-1,tcn-tcn-1,dh-fucking-your-girl,dh-fucking-your-girl,3,2026-01-28T16:06:36.872Z
Drake,ia-asleep-among-endives,st-3,bo-benzo,bo-benzo,3,2026-01-28T16:06:47.446Z
Drake,sjb-cdl-1,ik-5,kg-kg-1,ik-5,3,2026-01-28T16:07:52.830Z
Drake,tcn-tcn-1,db-1,cc-knights,db-1,2,2026-01-28T16:08:02.538Z
Drake,rh-3,ik-2,db-bm2-1,db-bm2-1,3,2026-01-28T16:08:09.124Z
Drake,ss-fantasy,bo-benzo,ik-5,bo-benzo,3,2026-01-28T16:08:15.880Z
Drake,cc-vanished,ik-1,cc-knights,cc-knights,3,2026-01-28T16:08:25.038Z
Drake,st-1,st-3,dh-neon-kitchen,st-3,3,2026-01-28T16:08:29.192Z
Drake,ia-dawn-in-the-adan,bo-minetta-creek,ss-genocide,bo-minetta-creek,3,2026-01-28T16:08:36.142Z
Drake,bo-orlando,ik-5,cc-vanished,ik-5,2,2026-01-28T16:10:27.306Z
Drake,ik-4,bo-youre-not-good-enough,ik-1,ik-1,3,2026-01-28T16:10:37.144Z
Drake,db-pii-1,st-3,ik-4,ik-4,3,2026-01-28T16:10:47.099Z
Drake,bi-hot-2,db-1,rh-3,rh-3,2,2026-01-28T16:10:54.193Z
Drake,kg-kg-1,tcn-tcn-1,cc-knights,tcn-tcn-1,2,2026-01-28T16:10:58.950Z
Drake,db-1,st-3,dbt-rinsed-1,dbt-rinsed-1,3,2026-01-28T16:11:03.039Z
Drake,kg-kg-2,rh-3,lcc-kk-1,rh-3,2,2026-01-28T16:11:19.432Z
Drake,rh-1,ik-5,bo-always-let-you-down,ik-5,3,2026-01-28T16:11:28.216Z
Drake,bo-youre-not-good-enough,ik-1,bo-orlando,bo-orlando,3,2026-01-28T16:11:37.276Z
Drake,rh-2,db-bm2-1,st-3,db-bm2-1,2,2026-01-28T16:12:15.334Z
Drake,bo-minetta-creek,lcc-kk-2,ik-2,lcc-kk-2,1,2026-01-28T16:12:20.509Z
